,gene,mean,log2fc,pval
225,ACACACACACACACACACACACACA,10.0,2.463656204499023,0.01
18,CACACACACACACACACACACACAC,10.0,1.9733648734965337,0.01
0,CTCCTGGATTATTCGGATCCAGAAG,1.0,0.0,0.5
148,TTATAGTAGAGGTTTTAATTGTTTG,1.0,0.0,0.5
149,ACTTCAAGAATAAGTATGAGGATGA,1.0,0.0,0.5
150,TAAAGGCTATAATTATTATAGTAGA,1.0,0.0,0.5
151,TATAATTATTATAGTAGAGGTTTTA,1.0,0.0,0.5
152,GCTTACAAAAAGTACATCAAAGACT,2.0,0.0,0.5
153,TCGTCTTTAAACCCCGCGTGGCAAT,1.0,0.0,0.5
154,AGTAAACTGATAGGCTAGATGTTGC,1.0,0.0,0.5
155,CACAAAAGAGGCTTACAAAAAGTAC,2.0,0.0,0.5
156,GCGACCTGGAAGTCCAACTACTTCC,1.0,0.0,0.5
157,CAATCCCTGACGCACCGCCGTGATG,1.0,0.0,0.5
158,GGCTTACAAAAAGTACATCAAAGAC,2.0,0.0,0.5
159,TAATTGTTTGAATTGCTCATGGTAG,1.0,0.0,0.5
160,CGTGGCAATCCCTGACGCACCGCCG,1.0,0.0,0.5
161,AGCCTCCTGGATTATTCGGATCCAG,1.0,0.0,0.5
162,AGGTTTTAATTGTTTGAATTGCTCA,1.0,0.0,0.5
163,TAGAATAAAGGCTATAATTATTATA,1.0,0.0,0.5
164,ACCTGGAAGTCCAACTACTTCCTCA,1.0,0.0,0.5
165,CTAGAATAAAGGCTATAATTATTAT,1.0,0.0,0.5
166,GACTTCAAGAATAAGTATGAGGATG,1.0,0.0,0.5
167,CGGATCCAGAAGCAACAGGTGCCCG,1.0,0.0,0.5
168,AGGCTATAATTATTATAGTAGAGGT,1.0,0.0,0.5
169,GTGACTAGAATAAAGGCTATAATTA,1.0,0.0,0.5
170,AATAAAGGCTATAATTATTATAGTA,1.0,0.0,0.5
171,ACAGGGTGGGGAGCCTCCTGGATTA,1.0,0.0,0.5
172,GAGGACTTCAAGAATAAGTATGAGG,1.0,0.0,0.5
147,GTGGGGAGCCTCCTGGATTATTCGG,1.0,0.0,0.5
146,AATTGTGACTAGAATAAAGGCTATA,1.0,0.0,0.5
145,CGCACCGCCGTGATGCCCAGGGAAG,1.0,0.0,0.5
144,AGAGGTTTTAATTGTTTGAATTGCT,1.0,0.0,0.5
119,GCTATAATTATTATAGTAGAGGTTT,1.0,0.0,0.5
120,ATCCTGATCATAGAATGGAGTAAAC,1.0,0.0,0.5
121,TCCCTGACGCACCGCCGTGATGCCC,1.0,0.0,0.5
122,GGCAATCCCTGACGCACCGCCGTGA,1.0,0.0,0.5
123,TGATAGGCTAGATGTTGCTAAAATA,1.0,0.0,0.5
124,AATGGAGTAAACTGATAGGCTAGAT,1.0,0.0,0.5
125,TGTGACTAGAATAAAGGCTATAATT,1.0,0.0,0.5
126,GAATTGTGACTAGAATAAAGGCTAT,1.0,0.0,0.5
127,GACTAGAATAAAGGCTATAATTATT,1.0,0.0,0.5
128,ATCGTCTTTAAACCCCGCGTGGCAA,1.0,0.0,0.5
129,TTTGAGGCTCATCCTGATCATAGAA,1.0,0.0,0.5
130,TTACAAAAAGTACATCAAAGACTAC,2.0,0.0,0.5
131,CCCGCGTGGCAATCCCTGACGCACC,1.0,0.0,0.5
132,AGGCTTACAAAAAGTACATCAAAGA,2.0,0.0,0.5
133,ACCCCGCGTGGCAATCCCTGACGCA,1.0,0.0,0.5
134,CCTGATCATAGAATGGAGTAAACTG,1.0,0.0,0.5
135,TAGAATTGTGACTAGAATAAAGGCT,1.0,0.0,0.5
136,CAAAAGAGGCTTACAAAAAGTACAT,2.0,0.0,0.5
137,CGTCTTTAAACCCCGCGTGGCAATC,1.0,0.0,0.5
138,ATTATTCGGATCCAGAAGCAACAGG,1.0,0.0,0.5
139,AGGGTGGGGAGCCTCCTGGATTATT,1.0,0.0,0.5
140,TAGAATGGAGTAAACTGATAGGCTA,1.0,0.0,0.5
141,TCATAGAATGGAGTAAACTGATAGG,1.0,0.0,0.5
142,CTGACGCACCGCCGTGATGCCCAGG,1.0,0.0,0.5
143,GATCATAGAATGGAGTAAACTGATA,1.0,0.0,0.5
173,CTAGATGTTGCTAAAATAAATAAAA,1.0,0.0,0.5
174,GAGGCTCATCCTGATCATAGAATGG,1.0,0.0,0.5
175,CTTGTCGATTCCACCACATTTGTAG,1.0,0.0,0.5
176,GATAGAATTGTGACTAGAATAAAGG,1.0,0.0,0.5
206,TAGGCTAGATGTTGCTAAAATAAAT,1.0,0.0,0.5
207,TCTCAGCCACAGGGTGGGGAGCCTC,1.0,0.0,0.5
208,TTTAATTGTTTGAATTGCTCATGGT,1.0,0.0,0.5
209,GCCTCCTGGATTATTCGGATCCAGA,1.0,0.0,0.5
210,CTTACAAAAAGTACATCAAAGACTA,2.0,0.0,0.5
211,AGGACTTCAAGAATAAGTATGAGGA,1.0,0.0,0.5
212,GTTTGAGGCTCATCCTGATCATAGA,1.0,0.0,0.5
213,AGATGTTGCTAAAATAAATAAAATC,1.0,0.0,0.5
214,ATTATTATAGTAGAGGTTTTAATTG,1.0,0.0,0.5
215,CTGATCATAGAATGGAGTAAACTGA,1.0,0.0,0.5
216,TAGTAGAGGTTTTAATTGTTTGAAT,1.0,0.0,0.5
217,GCAATCCCTGACGCACCGCCGTGAT,1.0,0.0,0.5
218,GAGGTTTTAATTGTTTGAATTGCTC,1.0,0.0,0.5
219,ATAGAATTGTGACTAGAATAAAGGC,1.0,0.0,0.5
220,GCAAACCAGAACTAAGGAAAAAGGT,1.0,0.0,0.5
221,CTCAGCCACAGGGTGGGGAGCCTCC,1.0,0.0,0.5
222,AAAGAGGCTTACAAAAAGTACATCA,2.0,0.0,0.5
223,TATTATAGTAGAGGTTTTAATTGTT,1.0,0.0,0.5
224,TCTTTAAACCCCGCGTGGCAATCCC,1.0,0.0,0.5
226,ATTATAGTAGAGGTTTTAATTGTTT,1.0,0.0,0.5
227,CTGATAGGCTAGATGTTGCTAAAAT,1.0,0.0,0.5
228,AGGGCGACCTGGAAGTCCAACTACT,1.0,0.0,0.5
229,GGGGAGCCTCCTGGATTATTCGGAT,1.0,0.0,0.5
230,TTAAACCCCGCGTGGCAATCCCTGA,1.0,0.0,0.5
231,AGAATGGAGTAAACTGATAGGCTAG,1.0,0.0,0.5
205,GGACTTCAAGAATAAGTATGAGGAT,1.0,0.0,0.5
118,CTATAATTATTATAGTAGAGGTTTT,1.0,0.0,0.5
204,CGACCTGGAAGTCCAACTACTTCCT,1.0,0.0,0.5
202,GAATGGAGTAAACTGATAGGCTAGA,1.0,0.0,0.5
177,GTGGCAATCCCTGACGCACCGCCGT,1.0,0.0,0.5
178,GAGCCTCCTGGATTATTCGGATCCA,1.0,0.0,0.5
179,TGACGCACCGCCGTGATGCCCAGGG,1.0,0.0,0.5
180,TGGATTATTCGGATCCAGAAGCAAC,1.0,0.0,0.5
181,TAGAGGTTTTAATTGTTTGAATTGC,1.0,0.0,0.5
182,AGGCTCATCCTGATCATAGAATGGA,1.0,0.0,0.5
183,CTCATCCTGATCATAGAATGGAGTA,1.0,0.0,0.5
184,ACAAAAGAGGCTTACAAAAAGTACA,2.0,0.0,0.5
185,CCAGTTCTCAGCCACAGGGTGGGGA,1.0,0.0,0.5
186,AATTGTTTGAATTGCTCATGGTAGT,1.0,0.0,0.5
187,CATCCTGATCATAGAATGGAGTAAA,1.0,0.0,0.5
188,GTTTTAATTGTTTGAATTGCTCATG,1.0,0.0,0.5
189,AAGAGGCTTACAAAAAGTACATCAA,2.0,0.0,0.5
190,AACTGATAGGCTAGATGTTGCTAAA,1.0,0.0,0.5
191,GTCGATTCCACCACATTTGTAGATC,1.0,0.0,0.5
192,TTCGGATCCAGAAGCAACAGGTGCC,1.0,0.0,0.5
193,GATAGGCTAGATGTTGCTAAAATAA,1.0,0.0,0.5
194,GGAGTAAACTGATAGGCTAGATGTT,1.0,0.0,0.5
195,GCTCATCCTGATCATAGAATGGAGT,1.0,0.0,0.5
196,ATTCGGATCCAGAAGCAACAGGTGC,1.0,0.0,0.5
197,GAGGCTTACAAAAAGTACATCAAAG,2.0,0.0,0.5
198,GGTTTTAATTGTTTGAATTGCTCAT,1.0,0.0,0.5
199,TCATCCTGATCATAGAATGGAGTAA,1.0,0.0,0.5
200,AGAAAGGCAAACCAGAACTAAGGAA,1.0,0.0,0.5
201,ATAGGCTAGATGTTGCTAAAATAAA,1.0,0.0,0.5
203,GGGCGACCTGGAAGTCCAACTACTT,1.0,0.0,0.5
117,TATAGTAGAGGTTTTAATTGTTTGA,1.0,0.0,0.5
116,ATAGTAGAGGTTTTAATTGTTTGAA,1.0,0.0,0.5
115,AAGAAAGGCAAACCAGAACTAAGGA,1.0,0.0,0.5
31,GGAGCCTCCTGGATTATTCGGATCC,1.0,0.0,0.5
32,TCCTGGATTATTCGGATCCAGAAGC,1.0,0.0,0.5
33,GATTATTCGGATCCAGAAGCAACAG,1.0,0.0,0.5
34,ATTGTGACTAGAATAAAGGCTATAA,1.0,0.0,0.5
35,AAAGGCTATAATTATTATAGTAGAG,1.0,0.0,0.5
36,ATTGTTTGAATTGCTCATGGTAGTG,1.0,0.0,0.5
37,CCCTGACGCACCGCCGTGATGCCCA,1.0,0.0,0.5
38,ACTAGAATAAAGGCTATAATTATTA,1.0,0.0,0.5
39,TCAGCCACAGGGTGGGGAGCCTCCT,1.0,0.0,0.5
40,GGCTAGATGTTGCTAAAATAAATAA,1.0,0.0,0.5
41,GTGGAGGACTTCAAGAATAAGTATG,1.0,0.0,0.5
42,CTGGAAGTCCAACTACTTCCTCAAG,1.0,0.0,0.5
43,ACTGATAGGCTAGATGTTGCTAAAA,1.0,0.0,0.5
44,AAGGCAAACCAGAACTAAGGAAAAA,1.0,0.0,0.5
45,GCCACAGGGTGGGGAGCCTCCTGGA,1.0,0.0,0.5
46,GTAAACTGATAGGCTAGATGTTGCT,1.0,0.0,0.5
47,TTTTAATTGTTTGAATTGCTCATGG,1.0,0.0,0.5
48,ATAATTATTATAGTAGAGGTTTTAA,1.0,0.0,0.5
49,TAAGAAAGGCAAACCAGAACTAAGG,1.0,0.0,0.5
50,GGGTGGGGAGCCTCCTGGATTATTC,1.0,0.0,0.5
51,GTAGAGGTTTTAATTGTTTGAATTG,1.0,0.0,0.5
52,GAATAAAGGCTATAATTATTATAGT,1.0,0.0,0.5
53,GGATTATTCGGATCCAGAAGCAACA,1.0,0.0,0.5
54,AATCCCTGACGCACCGCCGTGATGC,1.0,0.0,0.5
55,ATAGAATGGAGTAAACTGATAGGCT,1.0,0.0,0.5
30,GGCGACCTGGAAGTCCAACTACTTC,1.0,0.0,0.5
56,GAAGTCCAACTACTTCCTCAAGATC,1.0,0.0,0.5
29,AGTAGAGGTTTTAATTGTTTGAATT,1.0,0.0,0.5
27,AAACCCCGCGTGGCAATCCCTGACG,1.0,0.0,0.5
1,CCTGGAAGTCCAACTACTTCCTCAA,1.0,0.0,0.5
2,TGGAAGTCCAACTACTTCCTCAAGA,1.0,0.0,0.5
3,TCAAGAATAAGTATGAGGATGAGAT,1.0,0.0,0.5
4,CCTGGATTATTCGGATCCAGAAGCA,1.0,0.0,0.5
5,TTATTCGGATCCAGAAGCAACAGGT,1.0,0.0,0.5
6,GTTAAGAAAGGCAAACCAGAACTAA,1.0,0.0,0.5
7,ATCATAGAATGGAGTAAACTGATAG,1.0,0.0,0.5
8,CATAGAATGGAGTAAACTGATAGGC,1.0,0.0,0.5
9,TGACTAGAATAAAGGCTATAATTAT,1.0,0.0,0.5
10,GGCAAACCAGAACTAAGGAAAAAGG,1.0,0.0,0.5
11,CCTGACGCACCGCCGTGATGCCCAG,1.0,0.0,0.5
12,ATAAAGGCTATAATTATTATAGTAG,1.0,0.0,0.5
13,TATTCGGATCCAGAAGCAACAGGTG,1.0,0.0,0.5
14,GGGAGCCTCCTGGATTATTCGGATC,1.0,0.0,0.5
15,AGGCTAGATGTTGCTAAAATAAATA,1.0,0.0,0.5
16,TGGAGGACTTCAAGAATAAGTATGA,1.0,0.0,0.5
17,TGATCATAGAATGGAGTAAACTGAT,1.0,0.0,0.5
19,TAAACCCCGCGTGGCAATCCCTGAC,1.0,0.0,0.5
20,AGCCACAGGGTGGGGAGCCTCCTGG,1.0,0.0,0.5
21,GACCTGGAAGTCCAACTACTTCCTC,1.0,0.0,0.5
22,GGAGGACTTCAAGAATAAGTATGAG,1.0,0.0,0.5
23,TTCTCAGCCACAGGGTGGGGAGCCT,1.0,0.0,0.5
24,CTTCAAGAATAAGTATGAGGATGAG,1.0,0.0,0.5
25,ATTCCACCACATTTGTAGATCAGGT,1.0,0.0,0.5
26,GTTCTCAGCCACAGGGTGGGGAGCC,1.0,0.0,0.5
28,AAAAGAGGCTTACAAAAAGTACATC,2.0,0.0,0.5
57,CCTCCTGGATTATTCGGATCCAGAA,1.0,0.0,0.5
58,TTGTGACTAGAATAAAGGCTATAAT,1.0,0.0,0.5
59,CTGGATTATTCGGATCCAGAAGCAA,1.0,0.0,0.5
90,GAAAGGCAAACCAGAACTAAGGAAA,1.0,0.0,0.5
91,GGCTCATCCTGATCATAGAATGGAG,1.0,0.0,0.5
92,CCGCGTGGCAATCCCTGACGCACCG,1.0,0.0,0.5
93,CCACAGGGTGGGGAGCCTCCTGGAT,1.0,0.0,0.5
94,TGAGGCTCATCCTGATCATAGAATG,1.0,0.0,0.5
95,TTCAAGAATAAGTATGAGGATGAGA,1.0,0.0,0.5
96,GAGTAAACTGATAGGCTAGATGTTG,1.0,0.0,0.5
97,GACGCACCGCCGTGATGCCCAGGGA,1.0,0.0,0.5
98,GGAAGTCCAACTACTTCCTCAAGAT,1.0,0.0,0.5
99,AGTTCTCAGCCACAGGGTGGGGAGC,1.0,0.0,0.5
100,CGATTCCACCACATTTGTAGATCAG,1.0,0.0,0.5
101,TCCTGATCATAGAATGGAGTAAACT,1.0,0.0,0.5
102,AAACTGATAGGCTAGATGTTGCTAA,1.0,0.0,0.5
103,CCCCGCGTGGCAATCCCTGACGCAC,1.0,0.0,0.5
104,TAATTATTATAGTAGAGGTTTTAAT,1.0,0.0,0.5
105,CAAGAATAAGTATGAGGATGAGATC,1.0,0.0,0.5
106,GATGTTGCTAAAATAAATAAAATCC,1.0,0.0,0.5
107,TTAAGAAAGGCAAACCAGAACTAAG,1.0,0.0,0.5
108,ACGCACCGCCGTGATGCCCAGGGAA,1.0,0.0,0.5
109,AAAGGCAAACCAGAACTAAGGAAAA,1.0,0.0,0.5
110,AACCCCGCGTGGCAATCCCTGACGC,1.0,0.0,0.5
111,GGCTATAATTATTATAGTAGAGGTT,1.0,0.0,0.5
112,AATTATTATAGTAGAGGTTTTAATT,1.0,0.0,0.5
113,TGGGGAGCCTCCTGGATTATTCGGA,1.0,0.0,0.5
114,GATTCCACCACATTTGTAGATCAGG,1.0,0.0,0.5
89,TGGAGTAAACTGATAGGCTAGATGT,1.0,0.0,0.5
88,TCGGATCCAGAAGCAACAGGTGCCC,1.0,0.0,0.5
87,CAGGGTGGGGAGCCTCCTGGATTAT,1.0,0.0,0.5
86,TTATTATAGTAGAGGTTTTAATTGT,1.0,0.0,0.5
60,CGCGTGGCAATCCCTGACGCACCGC,1.0,0.0,0.5
61,GCGTGGCAATCCCTGACGCACCGCC,1.0,0.0,0.5
62,TTAATTGTTTGAATTGCTCATGGTA,1.0,0.0,0.5
63,TAGATGTTGCTAAAATAAATAAAAT,1.0,0.0,0.5
64,TTGTCGATTCCACCACATTTGTAGA,1.0,0.0,0.5
65,GCTAGATGTTGCTAAAATAAATAAA,1.0,0.0,0.5
66,GTCTTTAAACCCCGCGTGGCAATCC,1.0,0.0,0.5
67,CTTTAAACCCCGCGTGGCAATCCCT,1.0,0.0,0.5
68,TAAACTGATAGGCTAGATGTTGCTA,1.0,0.0,0.5
69,AGAATTGTGACTAGAATAAAGGCTA,1.0,0.0,0.5
70,CAGCCACAGGGTGGGGAGCCTCCTG,1.0,0.0,0.5
71,CACAGGGTGGGGAGCCTCCTGGATT,1.0,0.0,0.5
232,GCACCGCCGTGATGCCCAGGGAAGA,1.0,0.0,0.5
72,TTTAAACCCCGCGTGGCAATCCCTG,1.0,0.0,0.5
74,AAGGCTATAATTATTATAGTAGAGG,1.0,0.0,0.5
75,TTCCACCACATTTGTAGATCAGGTG,1.0,0.0,0.5
76,TGGCAATCCCTGACGCACCGCCGTG,1.0,0.0,0.5
77,AGAATAAAGGCTATAATTATTATAG,1.0,0.0,0.5
78,TGTCGATTCCACCACATTTGTAGAT,1.0,0.0,0.5
79,AGAGGCTTACAAAAAGTACATCAAA,2.0,0.0,0.5
80,ATGTTGCTAAAATAAATAAAATCCC,1.0,0.0,0.5
81,AGGCAAACCAGAACTAAGGAAAAAG,1.0,0.0,0.5
82,GGTGGGGAGCCTCCTGGATTATTCG,1.0,0.0,0.5
83,TTGAGGCTCATCCTGATCATAGAAT,1.0,0.0,0.5
84,ATCCCTGACGCACCGCCGTGATGCC,1.0,0.0,0.5
85,CAGTTCTCAGCCACAGGGTGGGGAG,1.0,0.0,0.5
73,TCGATTCCACCACATTTGTAGATCA,1.0,0.0,0.5
233,ATGGAGTAAACTGATAGGCTAGATG,1.0,0.0,0.5
